﻿<addon id="repository.themachine" name="TheMachine repository" version="1.0.0" provider-name="themachine">
	<extension point="xbmc.addon.repository" name="TheMachine repository">
	<dir>
        <info compressed="false">http://mediarepos.net/Repos/themachine/addons.xml</info>
        <checksum>http://mediarepos.net/Repos/themachine/addons.xml.md5</checksum>
        <datadir zip="true">http://mediarepos.net/Repos/themachine/</datadir>
	</dir>
	</extension>
	<extension point="xbmc.addon.metadata">
		<summary lang="en">TheMachine repository With A Great Video Addon</summary>
		<description lang="en">TheMachine repository</description>
		<platform>all</platform>
		<forum></forum>
        <website></website>
	</extension>
</addon>