<?xml version="1.0" encoding="UTF-8" standalone="yes"?>
<addon id="repository.perflix" name="Perflix.TV" version="1.0" provider-name="Perflix.TV">
	<extension point="xbmc.addon.repository" name="Perflix.TV">
		<info compressed="false">http://perflix.16mb.com/addons/addons.xml</info>
		<checksum>http://perflix.16mb.com/addons/addons.xml.md5</checksum>
		<datadir zip="true">http://perflix.16mb.com/addons/</datadir>
	</extension>
	<extension point="xbmc.addon.metadata">
		<summary>Perflix.TV Addons</summary>
		<description>Addons with a wide range of popular subjects.</description>
		<platform>all</platform>
	</extension>
</addon>