﻿<addon id="repository.jdth77" name="jdth77 repository" version="1.0.1" provider-name="jdth77">
	<extension point="xbmc.addon.repository" name="jdth77 repository">
	<dir>
        <info compressed="false">http://mediarepos.net/Repos/suprabox/addons.xml</info>
        <checksum>http://mediarepos.net/Repos/suprabox/addons.xml.md5</checksum>
        <datadir zip="true">http://mediarepos.net/Repos/suprabox/</datadir>
	</dir>
	</extension>
	<extension point="xbmc.addon.metadata">
		<summary lang="en">jdth77 repository</summary>
		<description lang="en">jdth77h repository</description>
		<platform>all</platform>
		<forum></forum>
        <website></website>
	</extension>
</addon>