﻿<window>
    <allowoverlay>yes</allowoverlay> 
    <coordinates>
        <system>1</system>
        <posx>0</posx>
        <posy>0</posy>
    </coordinates>
    <onload>SetFocus(101)</onload>
    <animation effect="fade" time="250">WindowOpen</animation>
    <animation effect="fade" time="250">WindowClose</animation>
    <controls>
        <control type="panel" id="101">
            <posx>0</posx> 
            <posy>0</posy> 
            <width>1920</width> 
            <height>1080</height> 
            <scrolltime tween="sine" easing="out">200</scrolltime>
            <autoscroll>true</autoscroll>
            <include>contentpanelslide</include>
            <itemlayout height="1080" width="1920">
                <control type="image">
                    <posx>0</posx> 
                    <posy>0</posy> 
                    <width>1920</width> 
                    <height>1080</height> 
                    <aspectratio scalediffuse="false">scale</aspectratio>
                    <info>ListItem.Thumb</info>
                </control>
                <control type="label">
                    <left>0</left>
                    <top>1000</top>
                    <width>1900</width>
                    <height>25</height>
                    <font>font20</font>
                    <align>right</align>
                    <textcolor>ffffffff</textcolor>
                    <shadowcolor>ff000000</shadowcolor>
                    <info>ListItem.Label</info>
                    <animation effect="fade" start="100" end="0" time="15000" condition="True">Conditional</animation>
                </control>
            </itemlayout>
            <focusedlayout height="1080" width="1920">
                <control type="image">
                    <posx>0</posx> 
                    <posy>0</posy> 
                    <width>1920</width> 
                    <height>1080</height> 
                    <aspectratio scalediffuse="false">scale</aspectratio>
                    <info>ListItem.Thumb</info>
                </control>
                <control type="label">
                    <left>0</left>
                    <top>1000</top>
                    <width>1900</width>
                    <height>25</height>
                    <font>font20</font>
                    <align>right</align>
                    <textcolor>ffffffff</textcolor>
                    <shadowcolor>ff000000</shadowcolor>
                    <info>ListItem.Label</info>
                    <animation effect="fade" start="100" end="0" time="15000" condition="True">Conditional</animation>
                </control>
            </focusedlayout >
        </control>
    </controls>
</window>
